{"name":"6c7a35ca-9d88-40da-9119-d1c4affaa28e","id":"/providers/Microsoft.Flow/flows/6c7a35ca-9d88-40da-9119-d1c4affaa28e","type":"Microsoft.Flow/flows","properties":{"apiId":"/providers/Microsoft.PowerApps/apis/shared_logicflows","displayName":"InvocieProcessing","definition":{"metadata":{"workflowEntityId":null,"processAdvisorMetadata":null,"flowChargedByPaygo":null,"flowclientsuspensionreason":"None","flowclientsuspensiontime":null,"flowclientsuspensionreasondetails":null,"creator":{"id":"4bc7b037-dd45-4c6d-8338-4bcfe3a6499e","type":"User","tenantId":"a386f7a5-d3d8-4c54-8566-a4d4b20193f5"},"provisioningMethod":"FromDefinition","failureAlertSubscription":true,"clientLastModifiedTime":"2025-03-12T14:39:52.2079006Z","connectionKeySavedTimeKey":"2025-03-12T14:39:52.2079006Z","creationSource":null,"modifiedSources":"Portal"},"$schema":"https://schema.management.azure.com/providers/Microsoft.Logic/schemas/2016-06-01/workflowdefinition.json#","contentVersion":"1.0.0.0","parameters":{"$authentication":{"defaultValue":{},"type":"SecureObject"}},"triggers":{"manual":{"metadata":{"operationMetadataId":"77964332-a5cf-4e64-9785-aafb70e54fe4"},"type":"Request","kind":"PowerAppV2","inputs":{"schema":{"type":"object","properties":{"text":{"title":"invoiceDataJson","type":"string","x-ms-dynamically-added":true,"description":"Please enter your input","x-ms-content-hint":"TEXT"}},"required":["text"]}}}},"actions":{"Parse_JSON":{"runAfter":{"Initialize_variable_5":["Succeeded"]},"metadata":{"operationMetadataId":"0354a9a1-70d9-4633-9df9-b96f6ceb2b91"},"type":"ParseJson","inputs":{"content":"@triggerBody()['text']","schema":{"type":"object","properties":{"items":{"type":"string"},"salesTax":{"type":"string"},"subtotal":{"type":"string"},"total":{"type":"string"},"vendorAddress":{"type":"string"},"vendorID":{"type":"string"},"vendorName":{"type":"string"},"invoiceID":{"type":"string"}}}}},"Compose":{"runAfter":{"Parse_JSON":["Succeeded"]},"metadata":{"operationMetadataId":"13395e7a-288c-4578-9c0a-19b0c7b3d5cb"},"type":"Compose","inputs":{"InvoiceID":"@body('Parse_JSON')?['invoiceID']","VendorName":"@body('Parse_JSON')?['vendorName']","VendorAddress":"0x8718b2148201034C6e087e72D11Db28866425048","VendorID":"@body('Parse_JSON')?['vendorID']","Subtotal":"@body('Parse_JSON')?['subtotal']","Tax":"@body('Parse_JSON')?['salesTax']","Total":"@body('Parse_JSON')?['total']"}},"Initialize_variable_5":{"runAfter":{},"metadata":{"operationMetadataId":"f314198d-627f-4995-9236-70a4794f3b71"},"type":"InitializeVariable","inputs":{"variables":[{"name":"LineItems","type":"array"}]}},"HTTP":{"runAfter":{"Compose":["Succeeded"]},"metadata":{"operationMetadataId":"06c4eed9-ef63-43f5-8f41-c2eb350415e5"},"type":"Http","inputs":{"method":"POST","uri":"https://f9c2-2001-f40-962-ab5f-7d30-275-37d3-5ba9.ngrok-free.app/addinvoice","headers":{"Content-Type":"application/json"},"body":"@outputs('Compose')"}},"Respond_to_a_Power_App_or_flow":{"runAfter":{"Compose_2":["Succeeded"]},"metadata":{"operationMetadataId":"8cc67666-7a67-4f5f-a8b0-9ae9c35eeda0"},"type":"Response","kind":"PowerApp","inputs":{"statusCode":200,"body":{"replymsg":"@body('Parse_JSON_2')?['message']"},"schema":{"type":"object","properties":{"replymsg":{"title":"replymsg","x-ms-dynamically-added":true,"type":"string"}}}}},"Compose_2":{"runAfter":{"Parse_JSON_2":["Succeeded"]},"metadata":{"operationMetadataId":"af147fa0-841f-4bdf-bb71-3068c406623f"},"type":"Compose","inputs":"@body('Parse_JSON_2')?['message']"},"Parse_JSON_2":{"runAfter":{"HTTP":["Succeeded"]},"metadata":{"operationMetadataId":"15ed4151-2fae-447e-9544-499e131d293c"},"type":"ParseJson","inputs":{"content":"@body('HTTP')","schema":{"type":"object","properties":{"message":{"type":"string"}}}}}}},"connectionReferences":{},"flowFailureAlertSubscribed":false,"isManaged":false}}